pine,1984,64
pine,1920,64
pine,1856,64
pine,1952,96
pine,1888,96
pine,1984,128
pine,1920,128
pine,1952,160
pine,1792,64
pine,1824,96
pine,1728,64
pine,1760,96
pine,1856,128
pine,1888,160
pine,1984,192
pine,1920,192
pine,1952,224
pine,1664,64
tree,1024,128
tree,960,96
tree,928,160
tree,1088,96
tree,704,32
tree,672,96
tree,768,64
tree,1536,736
tree,1568,800
tree,1664,640
tree,1632,704
tree,1696,768
tree,1536,544
tree,1280,608
tree,960,1344
tree,928,1440
tree,864,1312
pine,0,1248
pine,32,1312
pine,0,1408
pine,96,1408
pine,128,1504
pine,32,1472
pine,64,1568
pine,0,1568
pine,32,1696
pine,128,1600
pine,192,1696
pine,96,1696
pine,64,1792
pine,0,1760
pine,160,1760
pine,0,1888
pine,96,1856
pine,160,1824
pine,64,1952
pine,0,2016